{"Bordeaux": 28013.435561256832, "Lyon": 25126.087748651553, "Paris": 28981.95591777742, "Pays Basque": 39537.59224285915}